|
 
 
F
l
e
w
 
f
r
o
m
 
L
o
n
d
o
n
 
H
e
a
t
h
r
o
w
 
t
o
 
M
a
r
r
a
k
e
c
h
.
 
B
A
 
c
h
a
n
g
e
d
 
o
u
r
 
p
r
e
 
p
a
i
d
 
s
e
a
t
s
 
a
t
 
t
h
e
 
l
a
s
t
 
m
i
n
u
t
e
 
a
n
d
 
e
v
e
n
 
c
h
a
r
g
e
d
 
u
s
 
t
o
 
s
e
l
e
c
t
 
o
t
h
e
r
 
s
e
a
t
s
.
 
B
o
a
r
d
i
n
g
 
w
a
s
 
c
h
a
o
s
.
 
S
t
a
f
f
 
w
e
r
e
 
r
u
d
e
 
d
e
m
a
n
d
i
n
g
 
s
e
l
e
c
t
e
d
 
p
a
s
s
e
n
g
e
r
s
 
p
u
t
 
t
h
e
i
r
 
h
a
n
d
 
l
u
g
g
a
g
e
 
i
n
 
t
h
e
 
h
o
l
d
.
 
I
 
h
a
d
 
o
n
e
 
s
m
a
l
l
 
b
a
g
 
h
o
w
e
v
e
r
 
t
h
e
y
 
n
e
v
e
r
 
d
e
m
a
n
d
e
d
 
o
t
h
e
r
 
p
a
s
s
e
n
g
e
r
s
 
w
i
t
h
 
2
/
3
 
b
a
g
s
 
a
n
d
 
s
o
m
e
 
w
i
t
h
 
h
a
n
d
 
l
u
g
g
a
g
e
 
t
h
a
t
 
w
a
s
 
o
b
v
i
o
u
s
l
y
 
t
o
o
 
b
i
g
.
 
F
l
i
g
h
t
 
w
a
s
 
l
a
t
e
 
t
a
k
i
n
g
 
o
f
f
 
a
n
d
 
t
h
e
 
s
n
a
c
k
 
w
a
s
 
a
 
m
i
s
e
r
a
b
l
e
 
t
i
n
y
 
p
a
c
k
e
t
 
o
f
 
c
h
e
e
s
e
 
p
r
e
t
z
e
l
s
.
 
T
h
i
s
 
a
i
r
l
i
n
e
 
i
s
 
g
o
i
n
g
 
d
o
w
n
h
i
l
l
 
r
a
p
i
d
l
y
.
|
 
 
F
l
e
w
 
f
r
o
m
 
L
o
n
d
o
n
 
H
e
a
t
h
r
o
w
 
t
o
 
M
a
r
r
a
k
e
c
h
.
 
B
A
 
c
h
a
n
g
e
d
 
o
u
r
 
p
r
e
 
p
a
i
d
 
s
e
a
t
s
 
a
t
 
t
h
e
 
l
a
s
t
 
m
i
n
u
t
e
 
a
n
d
 
e
v
e
n
 
c
h
a
r
g
e
d
 
u
s
 
t
o
 
s
e
l
e
c
t
 
o
t
h
e
r
 
s
e
a
t
s
.
 
B
o
a
r
d
i
n
g
 
w
a
s
 
c
h
a
o
s
.
 
S
t
a
f
f
 
w
e
r
e
 
r
u
d
e
 
d
e
m
a
n
d
i
n
g
 
s
e
l
e
c
t
e
d
 
p
a
s
s
e
n
g
e
r
s
 
p
u
t
 
t
h
e
i
r
 
h
a
n
d
 
l
u
g
g
a
g
e
 
i
n
 
t
h
e
 
h
o
l
d
.
 
I
 
h
a
d
 
o
n
e
 
s
m
a
l
l
 
b
a
g
 
h
o
w
e
v
e
r
 
t
h
e
y
 
n
e
v
e
r
 
d
e
m
a
n
d
e
d
 
o
t
h
e
r
 
p
a
s
s
e
n
g
e
r
s
 
w
i
t
h
 
2
/
3
 
b
a
g
s
 
a
n
d
 
s
o
m
e
 
w
i
t
h
 
h
a
n
d
 
l
u
g
g
a
g
e
 
t
h
a
t
 
w
a
s
 
o
b
v
i
o
u
s
l
y
 
t
o
o
 
b
i
g
.
 
F
l
i
g
h
t
 
w
a
s
 
l
a
t
e
 
t
a
k
i
n
g
 
o
f
f
 
a
n
d
 
t
h
e
 
s
n
a
c
k
 
w
a
s
 
a
 
m
i
s
e
r
a
b
l
e
 
t
i
n
y
 
p
a
c
k
e
t
 
o
f
 
c
h
e
e
s
e
 
p
r
e
t
z
e
l
s
.
 
T
h
i
s
 
a
i
r
l
i
n
e
 
i
s
 
g
o
i
n
g
 
d
o
w
n
h
i
l
l
 
r
a
p
i
d
l
y
.
 
 
F
l
e
w
 
f
r
o
m
 
L
o
n
d
o
n
 
H
e
a
t
h
r
o
w
 
t
o
 
M
a
r
r
a
k
e
c
h
.
 
B
A
 
c
h
a
n
g
e
d
 
o
u
r
 
p
r
e
 
p
a
i
d
 
s
e
a
t
s
 
a
t
 
t
h
e
 
l
a
s
t
 
m
i
n
u
t
e
 
a
n
d
 
e
v
e
n
 
c
h
a
r
g
e
d
 
u
s
 
t
o
 
s
e
l
e
c
t
 
o
t
h
e
r
 
s
e
a
t
s
.
 
B
o
a
r
d
i
n
g
 
w
a
s
 
c
h
a
o
s
.
 
S
t
a
f
f
 
w
e
r
e
 
r
u
d
e
 
d
e
m
a
n
d
i
n
g
 
s
e
l
e
c
t
e
d
 
p
a
s
s
e
n
g
e
r
s
 
p
u
t
 
t
h
e
i
r
 
h
a
n
d
 
l
u
g
g
a
g
e
 
i
n
 
t
h
e
 
h
o
l
d
.
 
I
 
h
a
d
 
o
n
e
 
s
m
a
l
l
 
b
a
g
 
h
o
w
e
v
e
r
 
t
h
e
y
 
n
e
v
e
r
 
d
e
m
a
n
d
e
d
 
o
t
h
e
r
 
p
a
s
s
e
n
g
e
r
s
 
w
i
t
h
 
2
/
3
 
b
a
g
s
 
a
n
d
 
s
o
m
e
 
w
i
t
h
 
h
a
n
d
 
l
u
g
g
a
g
e
 
t
h
a
t
 
w
a
s
 
o
b
v
i
o
u
s
l
y
 
t
o
o
 
b
i
g
.
 
F
l
i
g
h
t
 
w
a
s
 
l
a
t
e
 
t
a
k
i
n
g
 
o
f
f
 
a
n
d
 
t
h
e
 
s
n
a
c
k
 
w
a
s
 
a
 
m
i
s
e
r
a
b
l
e
 
t
i
n
y
 
p
a
c
k
e
t
 
o
f
 
c
h
e
e
s
e
 
p
r
e
t
z
e
l
s
.
 
T
h
i
s
 
a
i
r
l
i
n
e
 
i
s
 
g
o
i
n
g
 
d
o
w
n
h
i
l
l
 
r
a
p
i
d
l
y
.
